Domain,Classification,Workspace(s),Total Accounts,Burnt Accounts,Healthy Accounts,Low Volume Accounts,Total Sent,Total Replied,Avg Reply Rate %
binyonagencyltd.com,ALL_BURNT,"Jason Binyon",3,3,0,0,4418,12,0.27
brilliantinsuranceco.com,ALL_BURNT,"Jason Binyon",3,3,0,0,3825,13,0.34
comprehensivepolicyhub.com,ALL_BURNT,"Jason Binyon",2,2,0,0,3555,18,0.51
agentfarmersnetwork.com,ALL_BURNT,"Danny Schwartz",3,3,0,0,3341,10,0.30
agentfarmersusa.com,ALL_BURNT,"Danny Schwartz",3,3,0,0,3339,15,0.45
agentfarmersservices.com,ALL_BURNT,"Danny Schwartz",3,3,0,0,3334,17,0.51
agentsfarmerspro.com,ALL_BURNT,"Danny Schwartz",3,3,0,0,3269,18,0.55
awpremierinsurance.com,ALL_BURNT,"Jason Binyon",3,3,0,0,3087,8,0.26
alexwilliamspro.com,ALL_BURNT,"Jason Binyon",2,2,0,0,3072,13,0.42
binyonagencyincs.com,ALL_BURNT,"Jason Binyon",2,2,0,0,2885,5,0.17
brilliantinsuranceltds.com,ALL_BURNT,"Jason Binyon",2,2,0,0,2851,7,0.25
awinsurancefirm.com,ALL_BURNT,"Jason Binyon",2,2,0,0,2482,9,0.36
thedevinagencyusa.com,ALL_BURNT,"Devin Hodo",3,3,0,0,2448,15,0.61
thedevinagencyinsurance.com,ALL_BURNT,"Devin Hodo",3,3,0,0,2415,15,0.62
devinagencywork.com,ALL_BURNT,"Devin Hodo",3,3,0,0,2411,2,0.08
thedevinagencyservices.com,ALL_BURNT,"Devin Hodo",3,3,0,0,2392,9,0.38
devinagencyinfo.com,ALL_BURNT,"Devin Hodo",3,3,0,0,2369,6,0.25
devinagencyservice.com,ALL_BURNT,"Devin Hodo",3,3,0,0,2354,4,0.17
devinagencyllc.com,ALL_BURNT,"Devin Hodo",3,3,0,0,2335,11,0.47
homepolicyusa.info,ALL_BURNT,"Jason Binyon",2,2,0,0,2094,4,0.19
homepolicytx.info,ALL_BURNT,"Jason Binyon",2,2,0,0,2074,5,0.24
binyonagencyinsurance.com,ALL_BURNT,"Jason Binyon",3,3,0,0,2039,6,0.29
binyonagencyoffice.com,ALL_BURNT,"Jason Binyon",3,3,0,0,2014,5,0.25
robrussellbiz.com,ALL_BURNT,"Rob Russell",1,1,0,0,1703,5,0.29
alexwilliamsconnect.com,ALL_BURNT,"Jason Binyon",1,1,0,0,1532,4,0.26
alexwilliamsbiz.com,ALL_BURNT,"Jason Binyon",1,1,0,0,1531,5,0.33
topalexwilliams.com,ALL_BURNT,"Jason Binyon",1,1,0,0,1524,5,0.33
maxalexwilliams.com,ALL_BURNT,"Jason Binyon",1,1,0,0,1521,6,0.39
alexwilliamsproperty.com,ALL_BURNT,"Jason Binyon",1,1,0,0,1515,3,0.20
americancoveragenetwork.com,ALL_BURNT,"Jason Binyon",1,1,0,0,1500,4,0.27
thebinyonagencyllcs.com,ALL_BURNT,"Jason Binyon",1,1,0,0,1323,1,0.08
nicksakhariskcorp.com,ALL_BURNT,"Nick Sakha",3,3,0,0,1249,3,0.24
nicksakhainsurancepros.com,ALL_BURNT,"Nick Sakha",3,3,0,0,1202,3,0.25
homepolicyadvisors.info,ALL_BURNT,"Jason Binyon",1,1,0,0,1048,3,0.29
homepolicyagency.info,ALL_BURNT,"Jason Binyon",1,1,0,0,1043,3,0.29
kimwallace-covered.com,ALL_BURNT,"Kim Wallace",1,1,0,0,843,0,0.00
assuredpartnersglobal.com,ALL_BURNT,"Kirk Hodgson",3,3,0,0,807,1,0.12
assuredpartnersltd.com,ALL_BURNT,"Kirk Hodgson",3,3,0,0,767,1,0.13
secureassuredpartners.com,ALL_BURNT,"Kirk Hodgson",1,1,0,0,737,3,0.41
greggblanchardagencybuilders.com,ALL_BURNT,"Gregg Blanchard",3,3,0,0,531,0,0.00
davidamiriltd.com,ALL_BURNT,"David Amiri",3,3,0,0,451,0,0.00
binyonagencycapital.com,MIXED,"Jason Binyon",99,75,24,0,13399,25,0.19
binyoninsuranceagency.com,MIXED,"Jason Binyon",99,76,23,0,13351,30,0.22
robrussellchoice.com,MIXED,"Rob Russell",25,11,14,0,13207,72,0.55
robrussellclaims.com,MIXED,"Rob Russell",25,11,14,0,13187,67,0.51
wallaceagencyincs.com,MIXED,"Kim Wallace",99,79,20,0,6701,28,0.42
wallaceagencyllcs.com,MIXED,"Kim Wallace",99,84,15,0,6599,18,0.27
robrusselincs.com,MIXED,"Rob Russell",99,67,32,0,6245,36,0.58
robrusselusa.com,MIXED,"Rob Russell",99,73,26,0,6240,29,0.46
johnrobertsllcs.com,MIXED,"John Roberts",99,81,18,0,6069,23,0.38
johnrobertsincs.com,MIXED,"John Roberts",99,80,19,0,5793,27,0.47
askrobrussell.com,MIXED,"Rob Russell",3,1,2,0,5061,35,0.69
prodavidamiri.com,MIXED,"David Amiri",3,1,2,0,4942,28,0.57
davidamiriplans.com,MIXED,"David Amiri",3,1,2,0,4926,27,0.55
davidamiricoverage.com,MIXED,"David Amiri",3,2,1,0,4918,18,0.37
johnrobertsnet.com,MIXED,"John Roberts",3,2,1,0,4915,24,0.49
davidamiriplus.com,MIXED,"David Amiri",3,1,2,0,4914,26,0.53
johnrobertspoint.com,MIXED,"John Roberts",3,1,2,0,4912,28,0.57
davidamirihelp.com,MIXED,"David Amiri",3,1,2,0,4904,36,0.73
hellodavidamiri.com,MIXED,"David Amiri",3,1,2,0,4900,22,0.45
hidavidamiri.com,MIXED,"David Amiri",3,2,1,0,4887,20,0.41
plusjohnroberts.com,MIXED,"John Roberts",3,1,2,0,4887,23,0.47
davidamiriinc.com,MIXED,"David Amiri",3,1,2,0,4875,31,0.64
johnrobertsbase.com,MIXED,"John Roberts",3,2,1,0,4870,18,0.37
davidamiriinsurance.com,MIXED,"David Amiri",3,2,1,0,4868,25,0.51
johnrobertsexperts.com,MIXED,"John Roberts",3,1,2,0,4851,25,0.52
johnrobertsspot.com,MIXED,"John Roberts",3,1,2,0,4817,35,0.73
bookdavidamiri.com,MIXED,"David Amiri",3,2,1,0,4642,19,0.41
askdavidamiri.com,MIXED,"David Amiri",3,1,2,0,4626,29,0.63
davidamirisecure.com,MIXED,"David Amiri",3,2,1,0,4624,17,0.37
davidamiricovers.com,MIXED,"David Amiri",3,1,2,0,4623,35,0.76
visitdavidamiri.com,MIXED,"David Amiri",3,2,1,0,4608,21,0.46
contactdavidamiri.com,MIXED,"David Amiri",3,1,2,0,4604,30,0.65
savedavidamiri.com,MIXED,"David Amiri",3,1,2,0,4598,27,0.59
trustdavidamiri.com,MIXED,"David Amiri",3,1,2,0,4583,28,0.61
davidamirieasy.com,MIXED,"David Amiri",3,2,1,0,4565,18,0.39
calldavidamiri.com,MIXED,"David Amiri",3,1,2,0,4561,26,0.57
finddavidamiri.com,MIXED,"David Amiri",3,1,2,0,4551,23,0.51
davidamiriauto.com,MIXED,"David Amiri",3,1,2,0,4521,26,0.58
davidamirilocal.com,MIXED,"David Amiri",3,1,2,0,4496,25,0.56
gowallaceagency.com,MIXED,"Kim Wallace",3,1,2,0,4350,20,0.46
openwallaceagency.com,MIXED,"Kim Wallace",3,1,2,0,4349,25,0.57
withwallaceagency.com,MIXED,"Kim Wallace",3,1,2,0,4343,34,0.78
hiwallaceagency.com,MIXED,"Kim Wallace",3,2,1,0,4342,21,0.48
hellowallaceagency.com,MIXED,"Kim Wallace",3,1,2,0,4341,29,0.67
contactwallaceagency.com,MIXED,"Kim Wallace",3,2,1,0,4334,22,0.51
trywallaceagency.com,MIXED,"Kim Wallace",3,1,2,0,4334,34,0.78
coverwallaceagency.com,MIXED,"Kim Wallace",3,1,2,0,4320,30,0.69
binyonagency.com,MIXED,"Jason Binyon",3,1,2,0,4038,19,0.47
brilliantinsurancecorp.com,MIXED,"Jason Binyon",3,2,1,0,3807,16,0.42
kimwallaceservestexas.com,MIXED,"Kim Wallace",2,1,1,0,3642,18,0.49
kimwallacesolutions.com,MIXED,"Kim Wallace",2,1,1,0,3635,21,0.58
kimwallaceyourpolicy.com,MIXED,"Kim Wallace",2,1,1,0,3625,23,0.63
kimwallaceinsuranceplans.com,MIXED,"Kim Wallace",2,1,1,0,3591,21,0.58
optimalplannetwork.com,MIXED,"Jason Binyon",2,1,1,0,3556,20,0.56
industrybestcoverage.com,MIXED,"Jason Binyon",2,1,1,0,3548,15,0.42
nationwidecoveragepros.com,MIXED,"Jason Binyon",2,1,1,0,3533,19,0.54
strategiccoverageco.com,MIXED,"Jason Binyon",2,1,1,0,3530,18,0.51
nationalpolicyhub.com,MIXED,"Jason Binyon",2,1,1,0,3429,11,0.32
agentsfarmersllcs.com,MIXED,"Danny Schwartz",3,1,2,0,3427,24,0.70
agentsfarmerssupport.com,MIXED,"Danny Schwartz",3,1,2,0,3427,35,1.02
agentsfarmerscorp.com,MIXED,"Danny Schwartz",3,1,2,0,3426,20,0.58
agentsfarmersco.com,MIXED,"Danny Schwartz",3,1,2,0,3425,29,0.85
agentsfarmersltd.com,MIXED,"Danny Schwartz",3,2,1,0,3424,28,0.82
agentsfarmersusa.com,MIXED,"Danny Schwartz",3,2,1,0,3423,20,0.58
agentsfarmersincs.com,MIXED,"Danny Schwartz",3,1,2,0,3423,29,0.85
theagentsfarmersusa.com,MIXED,"Danny Schwartz",3,1,2,0,3422,48,1.40
agentsfarmersservice.com,MIXED,"Danny Schwartz",3,1,2,0,3419,38,1.11
agentsfarmershelp.com,MIXED,"Danny Schwartz",3,1,2,0,3415,26,0.76
theagentsfarmersinc.com,MIXED,"Danny Schwartz",3,1,2,0,3412,21,0.62
getrobrussell.com,MIXED,"Rob Russell",2,1,1,0,3405,18,0.53
agentfarmerscorp.com,MIXED,"Danny Schwartz",3,1,2,0,3368,24,0.71
agentfarmersnetworks.com,MIXED,"Danny Schwartz",3,1,2,0,3361,34,1.01
agentfarmersltds.com,MIXED,"Danny Schwartz",3,2,1,0,3358,11,0.33
agentfarmersllc.com,MIXED,"Danny Schwartz",3,1,2,0,3353,18,0.54
agentfarmersteam.com,MIXED,"Danny Schwartz",3,1,2,0,3336,32,0.96
agentfarmersinc.com,MIXED,"Danny Schwartz",3,1,2,0,3336,18,0.54
agentfarmersteams.com,MIXED,"Danny Schwartz",3,1,2,0,3334,25,0.75
kimwallacepolicyhelp.com,MIXED,"Kim Wallace",2,1,1,0,3290,15,0.46
kimwallacellc.com,MIXED,"Kim Wallace",2,1,1,0,3278,28,0.85
agentfarmersltd.com,MIXED,"Danny Schwartz",3,1,2,0,3265,41,1.26
kimwallacelocal.com,MIXED,"Kim Wallace",2,1,1,0,3262,18,0.55
agentfarmerspro.com,MIXED,"Danny Schwartz",3,1,2,0,3255,32,0.98
topjohnroberts.com,MIXED,"John Roberts",2,1,1,0,3247,20,0.62
davidamirihouse.com,MIXED,"David Amiri",2,1,1,0,3244,18,0.55
agentfarmershelp.com,MIXED,"Danny Schwartz",3,1,2,0,3242,19,0.59
johnrobertsprotect.com,MIXED,"John Roberts",2,1,1,0,3226,18,0.56
awassure.com,MIXED,"Jason Binyon",3,2,1,0,3092,18,0.58
awriskadvisors.com,MIXED,"Jason Binyon",3,2,1,0,3080,9,0.29
alexwilliamsserves.com,MIXED,"Jason Binyon",2,1,1,0,3070,13,0.42
awcoverage.com,MIXED,"Jason Binyon",3,2,1,0,3054,11,0.36
goalexwilliams.com,MIXED,"Jason Binyon",2,1,1,0,3037,12,0.40
alexwilliamshelp.com,MIXED,"Jason Binyon",2,1,1,0,3026,15,0.50
thebinyonagency.com,MIXED,"Jason Binyon",2,1,1,0,2949,14,0.47
meetkimwallace.com,MIXED,"Kim Wallace",2,1,1,0,2879,16,0.56
kimwallaceeasy.com,MIXED,"Kim Wallace",2,1,1,0,2876,25,0.87
kimwallacetexasplans.com,MIXED,"Kim Wallace",2,1,1,0,2831,23,0.81
thebinyonagencyllc.com,MIXED,"Jason Binyon",2,1,1,0,2755,14,0.51
binyonagencyllcs.com,MIXED,"Jason Binyon",2,1,1,0,2620,12,0.46
binyonagencyllc.com,MIXED,"Jason Binyon",2,1,1,0,2613,9,0.34
kimwallacepolicyreview.com,MIXED,"Kim Wallace",2,1,1,0,2516,19,0.76
devinagencysupport.com,MIXED,"Devin Hodo",3,2,1,0,2461,14,0.57
thedevinagencysupport.com,MIXED,"Devin Hodo",3,1,2,0,2448,22,0.90
devinagencyteams.com,MIXED,"Devin Hodo",3,1,2,0,2425,16,0.66
thedevinagencycorp.com,MIXED,"Devin Hodo",3,2,1,0,2418,15,0.62
thedevinagencyinsure.com,MIXED,"Devin Hodo",3,2,1,0,2406,15,0.62
thedevinagencyconnect.com,MIXED,"Devin Hodo",3,1,2,0,2400,20,0.83
devinagencyplus.com,MIXED,"Devin Hodo",3,1,2,0,2388,11,0.46
devinagencycapital.com,MIXED,"Devin Hodo",3,1,2,0,2381,14,0.59
devinagencyonline.com,MIXED,"Devin Hodo",3,1,2,0,2378,18,0.76
devinagencyteam.com,MIXED,"Devin Hodo",3,1,2,0,2375,18,0.76
thedevinagencyinfo.com,MIXED,"Devin Hodo",3,2,1,0,2373,11,0.46
devinagencyhelp.com,MIXED,"Devin Hodo",3,2,1,0,2372,18,0.76
thedevinagencyltds.com,MIXED,"Devin Hodo",3,1,2,0,2370,18,0.76
robrusselinc.com,MIXED,"Rob Russell",3,1,2,0,2369,23,0.97
robrusselprime.com,MIXED,"Rob Russell",3,1,2,0,2368,23,0.97
thedevinagencyincs.com,MIXED,"Devin Hodo",3,1,2,0,2367,19,0.80
robrusselonline.com,MIXED,"Rob Russell",3,1,2,0,2366,13,0.55
robrusselhq.com,MIXED,"Rob Russell",3,1,2,0,2364,24,1.02
devinagencyusa.com,MIXED,"Devin Hodo",3,1,2,0,2363,33,1.40
thedevinagencyltd.com,MIXED,"Devin Hodo",3,1,2,0,2362,18,0.76
devinagencypros.com,MIXED,"Devin Hodo",3,1,2,0,2361,22,0.93
thedevinagencyllcs.com,MIXED,"Devin Hodo",3,1,2,0,2361,18,0.76
devinagencypro.com,MIXED,"Devin Hodo",3,1,2,0,2358,15,0.64
devinagencycorp.com,MIXED,"Devin Hodo",3,1,2,0,2356,30,1.27
thedevinagencyonline.com,MIXED,"Devin Hodo",3,2,1,0,2352,4,0.17
devinagencyltds.com,MIXED,"Devin Hodo",3,2,1,0,2347,14,0.60
thedevinagencyinc.com,MIXED,"Devin Hodo",3,1,2,0,2345,15,0.64
devinagencyltd.com,MIXED,"Devin Hodo",3,1,2,0,2343,13,0.55
devinagencyincs.com,MIXED,"Devin Hodo",3,2,1,0,2342,13,0.56
devinagencyinsurance.com,MIXED,"Devin Hodo",3,1,2,0,2336,22,0.94
devinagencyinc.com,MIXED,"Devin Hodo",3,2,1,0,2325,13,0.56
thedevinagencyllc.com,MIXED,"Devin Hodo",3,1,2,0,2323,19,0.82
devinagencyllcs.com,MIXED,"Devin Hodo",3,1,2,0,2316,24,1.04
johnrobertsglobal.com,MIXED,"John Roberts",3,1,2,0,2301,22,0.96
johnrobertspro.com,MIXED,"John Roberts",3,1,2,0,2300,32,1.39
thedevinagency.com,MIXED,"Devin Hodo",3,1,2,0,2294,14,0.61
johnrobertsllc.com,MIXED,"John Roberts",3,1,2,0,2286,15,0.66
assuredpartnerswise.com,MIXED,"Kirk Hodgson",3,1,2,0,2189,12,0.55
thedevinagencypro.com,MIXED,"Devin Hodo",3,2,1,0,2180,5,0.23
jeffschroder.com,MIXED,"Jeff Schroder",3,1,2,0,2172,22,1.01
hiassuredpartners.com,MIXED,"Kirk Hodgson",3,1,2,0,2127,17,0.80
homepolicyinsurance.info,MIXED,"Jason Binyon",2,1,1,0,2090,6,0.29
homepolicyinsure.info,MIXED,"Jason Binyon",2,1,1,0,2081,10,0.48
lifeassuredpartners.com,MIXED,"Kirk Hodgson",3,1,2,0,2073,17,0.82
binyonagencyworks.com,MIXED,"Jason Binyon",3,1,2,0,2053,11,0.54
binyonagencygrowth.com,MIXED,"Jason Binyon",3,2,1,0,2052,6,0.29
binyonagencyprime.com,MIXED,"Jason Binyon",3,1,2,0,2047,9,0.44
binyonagencypartners.com,MIXED,"Jason Binyon",3,2,1,0,2046,6,0.29
binyonagencyfuture.com,MIXED,"Jason Binyon",3,1,2,0,2041,10,0.49
binyonagencyconnect.com,MIXED,"Jason Binyon",3,1,2,0,2040,8,0.39
binyonagencyadvice.com,MIXED,"Jason Binyon",3,1,2,0,2039,9,0.44
binyonagencyplans.com,MIXED,"Jason Binyon",3,1,2,0,2038,9,0.44
binyonagencygroup.com,MIXED,"Jason Binyon",3,1,2,0,2038,12,0.59
binyonagencytx.com,MIXED,"Jason Binyon",3,2,1,0,2036,6,0.29
binyonagencyexperts.com,MIXED,"Jason Binyon",3,1,2,0,2036,10,0.49
binyonagencyteam.com,MIXED,"Jason Binyon",3,1,2,0,2034,10,0.49
binyonagencyadvisors.com,MIXED,"Jason Binyon",3,1,2,0,2034,6,0.29
binyonagencysecure.com,MIXED,"Jason Binyon",3,2,1,0,2034,6,0.29
binyonagencyhq.com,MIXED,"Jason Binyon",3,1,2,0,2034,15,0.74
binyonagencyshield.com,MIXED,"Jason Binyon",3,2,1,0,2034,5,0.25
binyonagencyportal.com,MIXED,"Jason Binyon",3,1,2,0,2033,9,0.44
binyonagencycare.com,MIXED,"Jason Binyon",3,1,2,0,2031,13,0.64
binyonagencycity.com,MIXED,"Jason Binyon",3,1,2,0,2029,9,0.44
binyonagencylocal.com,MIXED,"Jason Binyon",3,2,1,0,2026,8,0.39
binyonagency360.com,MIXED,"Jason Binyon",3,2,1,0,2025,5,0.25
binyonagencyone.com,MIXED,"Jason Binyon",3,1,2,0,2025,9,0.44
binyonagencyins.com,MIXED,"Jason Binyon",3,1,2,0,2024,10,0.49
binyonagencyusa.com,MIXED,"Jason Binyon",3,1,2,0,2024,9,0.44
binyonagencyhub.com,MIXED,"Jason Binyon",3,2,1,0,2021,5,0.25
binyonagencynational.com,MIXED,"Jason Binyon",3,2,1,0,2018,7,0.35
binyonagencynetwork.com,MIXED,"Jason Binyon",3,1,2,0,2017,10,0.50
binyonagencycoverage.com,MIXED,"Jason Binyon",3,2,1,0,2016,9,0.45
binyonagencycenter.com,MIXED,"Jason Binyon",3,1,2,0,2015,10,0.50
binyonagencyclaims.com,MIXED,"Jason Binyon",3,2,1,0,2014,8,0.40
binyonagencyglobal.com,MIXED,"Jason Binyon",3,1,2,0,2011,12,0.60
binyonagencypro.com,MIXED,"Jason Binyon",3,2,1,0,2010,8,0.40
binyonagencytrust.com,MIXED,"Jason Binyon",3,2,1,0,2003,12,0.60
binyonagencyventures.com,MIXED,"Jason Binyon",3,2,1,0,1999,7,0.35
binyonagencyintl.com,MIXED,"Jason Binyon",3,1,2,0,1998,8,0.40
binyonagencyenterprises.com,MIXED,"Jason Binyon",3,1,2,0,1997,13,0.65
binyonagencycompany.com,MIXED,"Jason Binyon",3,2,1,0,1989,7,0.35
wallaceagencynetwork.com,MIXED,"Kim Wallace",3,1,2,0,1956,15,0.77
wallaceagencyworks.com,MIXED,"Kim Wallace",3,1,2,0,1954,9,0.46
wallaceagencyusa.com,MIXED,"Kim Wallace",3,1,2,0,1953,11,0.56
wallaceagencyadvisors.com,MIXED,"Kim Wallace",3,1,2,0,1945,13,0.67
wallaceagencyservices.com,MIXED,"Kim Wallace",3,1,2,0,1943,14,0.72
wallaceagencyteam.com,MIXED,"Kim Wallace",3,1,2,0,1942,17,0.88
jeffschrodersolutions.com,MIXED,"Jeff Schroder",2,1,1,0,1524,7,0.46
safejeffschroder.com,MIXED,"Jeff Schroder",2,1,1,0,1522,13,0.85
jeffschroderexperts.com,MIXED,"Jeff Schroder",2,1,1,0,1516,11,0.73
primeassuredpartners.com,MIXED,"Kirk Hodgson",2,1,1,0,1472,8,0.54
smartassuredpartners.com,MIXED,"Kirk Hodgson",2,1,1,0,1472,6,0.41
quickassuredpartners.com,MIXED,"Kirk Hodgson",2,1,1,0,1452,9,0.62
nicksakhapartners.com,MIXED,"Nick Sakha",3,1,2,0,1426,6,0.42
nicksakhaltd.com,MIXED,"Nick Sakha",3,1,2,0,1409,11,0.78
assuredpartnerselite.com,MIXED,"Kirk Hodgson",2,1,1,0,1407,8,0.57
trustassuredpartners.com,MIXED,"Kirk Hodgson",2,1,1,0,1403,5,0.36
nicksakhapartnersco.com,MIXED,"Nick Sakha",3,1,2,0,1402,8,0.57
nicksakhainsuranceusa.com,MIXED,"Nick Sakha",3,1,2,0,1397,10,0.72
nicksakhaprotectioninc.com,MIXED,"Nick Sakha",3,1,2,0,1389,13,0.94
nicksakhainsurancesolutions.com,MIXED,"Nick Sakha",3,1,2,0,1389,10,0.72
nicksakhaltds.com,MIXED,"Nick Sakha",3,1,2,0,1388,9,0.65
nicksakhaprotectionpros.com,MIXED,"Nick Sakha",3,2,1,0,1387,6,0.43
nicksakhaprotection.com,MIXED,"Nick Sakha",3,1,2,0,1386,6,0.43
nicksakhaprotectionllc.com,MIXED,"Nick Sakha",3,1,2,0,1376,5,0.36
nicksakhainsure.com,MIXED,"Nick Sakha",3,1,2,0,1373,13,0.95
nicksakhapartnersamerica.com,MIXED,"Nick Sakha",3,1,2,0,1366,14,1.02
nicksakhapartnersusa.com,MIXED,"Nick Sakha",3,1,2,0,1349,6,0.44
nicksakhafinancialco.com,MIXED,"Nick Sakha",3,2,1,0,1343,5,0.37
assuredpartnersplus.com,MIXED,"Kirk Hodgson",2,1,1,0,1341,8,0.60
nicksakhafinancialservices.com,MIXED,"Nick Sakha",3,1,2,0,1328,7,0.53
nicksakhaagency.com,MIXED,"Nick Sakha",3,1,2,0,1326,6,0.45
nicksakhapartnersltd.com,MIXED,"Nick Sakha",3,1,2,0,1324,4,0.30
nicksakhaglobal.com,MIXED,"Nick Sakha",3,1,2,0,1319,12,0.91
nicksakhacoverage.com,MIXED,"Nick Sakha",3,2,1,0,1317,7,0.53
nicksakhafinancialamerica.com,MIXED,"Nick Sakha",3,1,2,0,1314,15,1.14
nicksakhafinancial.com,MIXED,"Nick Sakha",3,1,2,0,1308,10,0.76
nicksakhasolutionsllc.com,MIXED,"Nick Sakha",3,1,2,0,1304,6,0.46
nicksakhafinancialusa.com,MIXED,"Nick Sakha",3,2,1,0,1304,9,0.69
nicksakhaagencyamerica.com,MIXED,"Nick Sakha",3,1,2,0,1304,8,0.61
nicksakhaagencyinc.com,MIXED,"Nick Sakha",3,1,2,0,1302,9,0.69
nicksakhaagencyusa.com,MIXED,"Nick Sakha",3,1,2,0,1302,10,0.77
nicksakhaconsulting.com,MIXED,"Nick Sakha",3,1,2,0,1300,14,1.08
nicksakhagroupcorp.com,MIXED,"Nick Sakha",3,2,1,0,1299,8,0.62
nicksakhagroupamerica.com,MIXED,"Nick Sakha",3,1,2,0,1299,7,0.54
nicksakhaagencyllc.com,MIXED,"Nick Sakha",3,1,2,0,1296,8,0.62
nicksakhafinancialltd.com,MIXED,"Nick Sakha",3,1,2,0,1291,8,0.62
nicksakhariskltd.com,MIXED,"Nick Sakha",3,1,2,0,1286,8,0.62
nicksakhaservicesamerica.com,MIXED,"Nick Sakha",3,1,2,0,1283,10,0.78
nicksakhaagencygroup.com,MIXED,"Nick Sakha",3,1,2,0,1283,12,0.94
nicksakhasolutionsusa.com,MIXED,"Nick Sakha",3,1,2,0,1282,7,0.55
nicksakhariskpros.com,MIXED,"Nick Sakha",3,1,2,0,1282,9,0.70
nicksakhariskpartners.com,MIXED,"Nick Sakha",3,1,2,0,1281,11,0.86
nicksakhariskllc.com,MIXED,"Nick Sakha",3,1,2,0,1279,7,0.55
nicksakhaco.com,MIXED,"Nick Sakha",3,1,2,0,1279,10,0.78
nicksakhariskinc.com,MIXED,"Nick Sakha",3,1,2,0,1276,10,0.78
nicksakhaus.com,MIXED,"Nick Sakha",3,1,2,0,1274,6,0.47
nicksakhaprotectionsolutions.com,MIXED,"Nick Sakha",3,1,2,0,1271,9,0.71
nicksakhacorp.com,MIXED,"Nick Sakha",3,1,2,0,1269,10,0.79
nicksakhasolutionsltd.com,MIXED,"Nick Sakha",3,1,2,0,1261,9,0.71
nicksakhaservicesusa.com,MIXED,"Nick Sakha",3,1,2,0,1253,9,0.72
nicksakhariskglobal.com,MIXED,"Nick Sakha",3,1,2,0,1250,9,0.72
nicksakhaservicesltd.com,MIXED,"Nick Sakha",3,2,1,0,1246,13,1.04
nicksakhainsuranceamerica.com,MIXED,"Nick Sakha",3,1,2,0,1238,5,0.40
nicksakhasolutionsglobal.com,MIXED,"Nick Sakha",3,2,1,0,1233,4,0.32
nicksakhaservicescorp.com,MIXED,"Nick Sakha",3,1,2,0,1232,8,0.65
nicksakhainsurancegroup.com,MIXED,"Nick Sakha",3,2,1,0,1232,5,0.41
nicksakhainsuranceco.com,MIXED,"Nick Sakha",3,1,2,0,1231,6,0.49
nicksakhasolutionscorp.com,MIXED,"Nick Sakha",3,2,1,0,1229,11,0.90
nicksakhaservices.com,MIXED,"Nick Sakha",3,2,1,0,1228,9,0.73
nicksakhainsuranceagency.com,MIXED,"Nick Sakha",3,2,1,0,1226,6,0.49
nicksakhainsurancecapital.com,MIXED,"Nick Sakha",3,1,2,0,1224,10,0.82
nicksakhasupport.com,MIXED,"Nick Sakha",3,2,1,0,1223,4,0.33
nicksakhariskco.com,MIXED,"Nick Sakha",3,2,1,0,1221,6,0.49
nicksakhainsuranceservices.com,MIXED,"Nick Sakha",3,1,2,0,1219,12,0.98
nicksakhainsuranceinc.com,MIXED,"Nick Sakha",3,1,2,0,1219,10,0.82
nicksakhaservicesco.com,MIXED,"Nick Sakha",3,1,2,0,1216,12,0.99
nicksakhagroupltd.com,MIXED,"Nick Sakha",3,1,2,0,1214,11,0.91
nicksakhainsurancerisk.com,MIXED,"Nick Sakha",3,2,1,0,1214,5,0.41
nicksakhainsuranceportal.com,MIXED,"Nick Sakha",3,1,2,0,1213,10,0.82
nicksakhainsuranceplus.com,MIXED,"Nick Sakha",3,1,2,0,1213,8,0.66
nicksakhainsuranceltd.com,MIXED,"Nick Sakha",3,2,1,0,1210,6,0.50
nicksakhainsuranceprotection.com,MIXED,"Nick Sakha",3,1,2,0,1208,7,0.58
nicksakhagroupusa.com,MIXED,"Nick Sakha",3,1,2,0,1207,6,0.50
nicksakhainsuranceglobal.com,MIXED,"Nick Sakha",3,1,2,0,1205,7,0.58
nicksakhainsurance.com,MIXED,"Nick Sakha",3,1,2,0,1202,7,0.58
nicksakhagroupglobal.com,MIXED,"Nick Sakha",3,1,2,0,1197,7,0.58
nicksakhagroupinc.com,MIXED,"Nick Sakha",3,1,2,0,1194,5,0.42
nicksakhainsurancecorp.com,MIXED,"Nick Sakha",3,2,1,0,1191,7,0.59
nicksakhaincs.com,MIXED,"Nick Sakha",3,2,1,0,1190,6,0.50
nicksakhainsurancecenter.com,MIXED,"Nick Sakha",3,1,2,0,1182,12,1.02
nicksakhaagencyglobal.com,MIXED,"Nick Sakha",3,1,2,0,1153,6,0.52
nicksakhariskamerica.com,MIXED,"Nick Sakha",2,1,1,0,811,11,1.36
assuredpartnerspros.com,MIXED,"Kirk Hodgson",3,2,1,0,795,4,0.50
assuredpartnersllcs.com,MIXED,"Kirk Hodgson",3,1,2,0,761,6,0.79
greggblanchardagencyguard.com,MIXED,"Gregg Blanchard",3,1,2,0,712,2,0.28
greggblanchardagencycoverageteam.com,MIXED,"Gregg Blanchard",3,1,2,0,712,5,0.70
greggblanchardagencyinsurance.com,MIXED,"Gregg Blanchard",3,1,2,0,708,5,0.71
greggblanchardagencyhome.com,MIXED,"Gregg Blanchard",3,1,2,0,707,6,0.85
greggblanchardagencyinsuranceamerica.com,MIXED,"Gregg Blanchard",3,1,2,0,703,3,0.43
greggblanchardagencyhealth.com,MIXED,"Gregg Blanchard",3,1,2,0,698,8,1.15
greggblanchardagencyincs.com,MIXED,"Gregg Blanchard",3,1,2,0,697,4,0.57
greggblanchardagencyrisk.com,MIXED,"Gregg Blanchard",3,1,2,0,696,5,0.72
greggblanchardagencyclientservices.com,MIXED,"Gregg Blanchard",3,1,2,0,696,4,0.57
greggblanchardagencyinsuranceconnect.com,MIXED,"Gregg Blanchard",3,1,2,0,693,2,0.29
greggblanchardagencyclientcare.com,MIXED,"Gregg Blanchard",3,1,2,0,692,6,0.87
greggblanchardagencyfastquote.com,MIXED,"Gregg Blanchard",3,1,2,0,692,7,1.01
greggblanchardagencyeasy.com,MIXED,"Gregg Blanchard",3,1,2,0,691,5,0.72
greggblanchardagencyenterprise.com,MIXED,"Gregg Blanchard",3,2,1,0,684,2,0.29
greggblanchardagencyinsurancecorp.com,MIXED,"Gregg Blanchard",3,1,2,0,680,5,0.74
greggblanchardagencyessential.com,MIXED,"Gregg Blanchard",3,1,2,0,676,7,1.04
greggblanchardagencyclientcenter.com,MIXED,"Gregg Blanchard",3,1,2,0,672,6,0.89
greggblanchardagencyhelp.com,MIXED,"Gregg Blanchard",3,1,2,0,668,5,0.75
greggblanchardagencyinsure.com,MIXED,"Gregg Blanchard",3,1,2,0,666,5,0.75
greggblanchardagencyassurance.com,MIXED,"Gregg Blanchard",3,1,2,0,663,9,1.36
greggblanchardagencyhq.com,MIXED,"Gregg Blanchard",3,1,2,0,662,6,0.91
greggblanchardagencyexpress.com,MIXED,"Gregg Blanchard",3,1,2,0,660,4,0.61
greggblanchardagencycomplete.com,MIXED,"Gregg Blanchard",3,2,1,0,652,5,0.77
greggblanchardagencybenefits.com,MIXED,"Gregg Blanchard",3,1,2,0,584,2,0.34
greggblanchardagencyhub.com,MIXED,"Gregg Blanchard",3,2,1,0,561,2,0.36
greggblanchardagencygroup.com,MIXED,"Gregg Blanchard",3,2,1,0,551,2,0.36
greggblanchardagencyexpertspro.com,MIXED,"Gregg Blanchard",3,1,2,0,548,3,0.55
greggblanchardagencycoverage.com,MIXED,"Gregg Blanchard",3,1,2,0,544,4,0.74
greggblanchardagencydirect.com,MIXED,"Gregg Blanchard",3,2,1,0,543,1,0.18
greggblanchardagencyexpertsusa.com,MIXED,"Gregg Blanchard",3,1,2,0,542,6,1.11
greggblanchardagencyexpertsinc.com,MIXED,"Gregg Blanchard",3,1,2,0,542,4,0.74
greggblanchardagencyclaimshub.com,MIXED,"Gregg Blanchard",3,1,2,0,541,4,0.74
greggblanchardagencyclaimspro.com,MIXED,"Gregg Blanchard",3,1,2,0,539,7,1.30
greggblanchardagencyexperts.com,MIXED,"Gregg Blanchard",3,1,2,0,538,3,0.56
greggblanchardagencyexpert.com,MIXED,"Gregg Blanchard",3,1,2,0,538,7,1.30
greggblanchardagencyclaimshelp.com,MIXED,"Gregg Blanchard",3,1,2,0,536,4,0.75
greggblanchardagencyclaimsusa.com,MIXED,"Gregg Blanchard",3,1,2,0,533,2,0.38
greggblanchardagencycompany.com,MIXED,"Gregg Blanchard",3,1,2,0,533,6,1.13
greggblanchardagencyadvisorsusa.com,MIXED,"Gregg Blanchard",3,1,2,0,532,2,0.38
greggblanchardagencyauto.com,MIXED,"Gregg Blanchard",3,1,2,0,531,6,1.13
greggblanchardagency365.com,MIXED,"Gregg Blanchard",3,1,2,0,529,6,1.13
greggblanchardagencybonds.com,MIXED,"Gregg Blanchard",3,1,2,0,528,6,1.14
greggblanchardagencyconnect.com,MIXED,"Gregg Blanchard",3,1,2,0,528,10,1.89
greggblanchardagencyagency.com,MIXED,"Gregg Blanchard",3,1,2,0,526,3,0.57
greggblanchardagencyamerica.com,MIXED,"Gregg Blanchard",3,1,2,0,526,5,0.95
greggblanchardagencyclaims.com,MIXED,"Gregg Blanchard",3,1,2,0,525,3,0.57
greggblanchardagencycenter.com,MIXED,"Gregg Blanchard",3,1,2,0,522,5,0.96
greggblanchardagencyclaimscenter.com,MIXED,"Gregg Blanchard",3,2,1,0,520,1,0.19
rossman-media.com,MIXED,"Shane Miller",2,1,1,0,493,2,0.41
greggblanchardagency360.com,MIXED,"Gregg Blanchard",3,2,1,0,484,5,1.03
davidamirillcs.com,MIXED,"David Amiri",3,2,1,0,454,3,0.66
davidamiriltds.com,MIXED,"David Amiri",3,2,1,0,448,1,0.22
robrussellprime.com,HEALTHY,"Rob Russell",3,0,3,0,5103,36,0.71
davidamirihome.com,HEALTHY,"David Amiri",3,0,3,0,4915,37,0.75
davidamirillc.com,HEALTHY,"David Amiri",3,0,3,0,4910,32,0.65
meetdavidamiri.com,HEALTHY,"David Amiri",3,0,3,0,4909,33,0.67
davidamiricare.com,HEALTHY,"David Amiri",3,0,3,0,4908,38,0.77
getdavidamiri.com,HEALTHY,"David Amiri",3,0,3,0,4902,37,0.75
johnrobertsquote.com,HEALTHY,"John Roberts",3,0,3,0,4896,40,0.82
johnrobertsedge.com,HEALTHY,"John Roberts",3,0,3,0,4886,31,0.63
johnrobertszone.com,HEALTHY,"John Roberts",3,0,3,0,4886,33,0.68
davidamirishield.com,HEALTHY,"David Amiri",3,0,3,0,4883,31,0.63
johnrobertslink.com,HEALTHY,"John Roberts",3,0,3,0,4881,41,0.84
maxjohnroberts.com,HEALTHY,"John Roberts",3,0,3,0,4879,44,0.90
corejohnroberts.com,HEALTHY,"John Roberts",3,0,3,0,4879,41,0.84
gojohnroberts.com,HEALTHY,"John Roberts",3,0,3,0,4875,30,0.62
instantjohnroberts.com,HEALTHY,"John Roberts",3,0,3,0,4873,33,0.68
acejohnroberts.com,HEALTHY,"John Roberts",3,0,3,0,4872,34,0.70
hellojohnroberts.com,HEALTHY,"John Roberts",3,0,3,0,4868,43,0.88
surejohnroberts.com,HEALTHY,"John Roberts",3,0,3,0,4857,34,0.70
johnrobertsrates.com,HEALTHY,"John Roberts",3,0,3,0,4856,48,0.99
johnrobertsclaims.com,HEALTHY,"John Roberts",3,0,3,0,4852,41,0.85
lifejohnroberts.com,HEALTHY,"John Roberts",3,0,3,0,4852,42,0.87
davidamiri.com,HEALTHY,"David Amiri",3,0,3,0,4851,26,0.54
davidamiriexpert.com,HEALTHY,"David Amiri",3,0,3,0,4850,38,0.78
johnrobertssecure.com,HEALTHY,"John Roberts",3,0,3,0,4844,25,0.52
johnrobertspros.com,HEALTHY,"John Roberts",3,0,3,0,4841,43,0.89
alljohnroberts.com,HEALTHY,"John Roberts",3,0,3,0,4836,53,1.10
primejohnroberts.com,HEALTHY,"John Roberts",3,0,3,0,4835,36,0.74
localjohnroberts.com,HEALTHY,"John Roberts",3,0,3,0,4830,52,1.08
tojohnroberts.com,HEALTHY,"John Roberts",3,0,3,0,4830,44,0.91
peakjohnroberts.com,HEALTHY,"John Roberts",3,0,3,0,4826,49,1.02
hijohnroberts.com,HEALTHY,"John Roberts",3,0,3,0,4816,32,0.66
davidamiriquotes.com,HEALTHY,"David Amiri",3,0,3,0,4806,32,0.67
davidamiriagency.com,HEALTHY,"David Amiri",3,0,3,0,4779,37,0.77
maxdavidamiri.com,HEALTHY,"David Amiri",3,0,3,0,4642,27,0.58
choosedavidamiri.com,HEALTHY,"David Amiri",3,0,3,0,4567,31,0.68
davidamiriinsures.com,HEALTHY,"David Amiri",3,0,3,0,4559,35,0.77
davidamiriprotects.com,HEALTHY,"David Amiri",3,0,3,0,4532,33,0.73
davidamiricares.com,HEALTHY,"David Amiri",3,0,3,0,4520,34,0.75
davidamirireach.com,HEALTHY,"David Amiri",3,0,3,0,4518,23,0.51
davidamiriserves.com,HEALTHY,"David Amiri",3,0,3,0,4502,22,0.49
davidamirihelps.com,HEALTHY,"David Amiri",3,0,3,0,4486,41,0.91
davidamiricorp.com,HEALTHY,"David Amiri",3,0,3,0,4467,44,0.99
davidamirigroup.com,HEALTHY,"David Amiri",3,0,3,0,4467,34,0.76
wallaceagencyplans.com,HEALTHY,"Kim Wallace",3,0,3,0,4393,60,1.37
wallaceagencygroup.com,HEALTHY,"Kim Wallace",3,0,3,0,4391,44,1.00
usewallaceagency.com,HEALTHY,"Kim Wallace",3,0,3,0,4383,40,0.91
findwallaceagency.com,HEALTHY,"Kim Wallace",3,0,3,0,4366,43,0.98
wallaceagencycares.com,HEALTHY,"Kim Wallace",3,0,3,0,4364,45,1.03
prowallaceagency.com,HEALTHY,"Kim Wallace",3,0,3,0,4360,27,0.62
wallaceagencyquotes.com,HEALTHY,"Kim Wallace",3,0,3,0,4353,37,0.85
wallaceagencyshield.com,HEALTHY,"Kim Wallace",3,0,3,0,4352,24,0.55
wallaceagencycoverage.com,HEALTHY,"Kim Wallace",3,0,3,0,4351,33,0.76
teamwallaceagency.com,HEALTHY,"Kim Wallace",3,0,3,0,4349,45,1.03
getwallaceagency.com,HEALTHY,"Kim Wallace",3,0,3,0,4339,34,0.78
askwallaceagency.com,HEALTHY,"Kim Wallace",3,0,3,0,4334,49,1.13
callwallaceagency.com,HEALTHY,"Kim Wallace",3,0,3,0,4334,33,0.76
insurewallaceagency.com,HEALTHY,"Kim Wallace",3,0,3,0,4333,57,1.32
meetwallaceagency.com,HEALTHY,"Kim Wallace",3,0,3,0,4326,41,0.95
trykimwallace.com,HEALTHY,"Kim Wallace",3,0,3,0,4304,35,0.81
kimwallaceelite.com,HEALTHY,"Kim Wallace",3,0,3,0,4274,38,0.89
brilliantinsuranceincs.com,HEALTHY,"Jason Binyon",3,0,3,0,3917,22,0.56
kimwallacecoveragesolutions.com,HEALTHY,"Kim Wallace",2,0,2,0,3725,30,0.81
kimwallacehome.com,HEALTHY,"Kim Wallace",2,0,2,0,3724,43,1.15
kimwallacesafety.com,HEALTHY,"Kim Wallace",2,0,2,0,3713,26,0.70
kimwallacehomesecure.com,HEALTHY,"Kim Wallace",2,0,2,0,3713,27,0.73
kimwallacecoveragegroup.com,HEALTHY,"Kim Wallace",2,0,2,0,3708,26,0.70
kimwallacecoverageplans.com,HEALTHY,"Kim Wallace",2,0,2,0,3705,29,0.78
kimwallaceagency.com,HEALTHY,"Kim Wallace",2,0,2,0,3692,30,0.81
kimwallaceshield.com,HEALTHY,"Kim Wallace",2,0,2,0,3691,24,0.65
kimwallaceinc.com,HEALTHY,"Kim Wallace",2,0,2,0,3683,28,0.76
thekimwallace.com,HEALTHY,"Kim Wallace",2,0,2,0,3671,29,0.79
kimwallaceadvisors.com,HEALTHY,"Kim Wallace",2,0,2,0,3627,28,0.77
tailoredcoverageteam.com,HEALTHY,"Jason Binyon",2,0,2,0,3558,25,0.70
reliablepolicyexperts.com,HEALTHY,"Jason Binyon",2,0,2,0,3556,18,0.51
industrybestcoverageinc.com,HEALTHY,"Jason Binyon",2,0,2,0,3539,24,0.68
coverageadvisorygroup.com,HEALTHY,"Jason Binyon",2,0,2,0,3534,21,0.59
agentsfarmershub.com,HEALTHY,"Danny Schwartz",3,0,3,0,3431,34,0.99
theagentsfarmers.com,HEALTHY,"Danny Schwartz",3,0,3,0,3430,39,1.14
agentsfarmersteam.com,HEALTHY,"Danny Schwartz",3,0,3,0,3428,21,0.61
agentsfarmersltds.com,HEALTHY,"Danny Schwartz",3,0,3,0,3424,27,0.79
agentsfarmersteams.com,HEALTHY,"Danny Schwartz",3,0,3,0,3422,40,1.17
theagentsfarmersil.com,HEALTHY,"Danny Schwartz",3,0,3,0,3422,54,1.58
agentsfarmersil.com,HEALTHY,"Danny Schwartz",3,0,3,0,3421,51,1.49
agentsfarmersinc.com,HEALTHY,"Danny Schwartz",3,0,3,0,3420,28,0.82
agentsfarmersinfo.com,HEALTHY,"Danny Schwartz",3,0,3,0,3420,42,1.23
agentsfarmersllc.com,HEALTHY,"Danny Schwartz",3,0,3,0,3418,35,1.02
yourtrustedcoverage.com,HEALTHY,"Jason Binyon",2,0,2,0,3403,23,0.68
robrussellcovers.com,HEALTHY,"Rob Russell",2,0,2,0,3403,25,0.73
robrussellrates.com,HEALTHY,"Rob Russell",2,0,2,0,3397,24,0.71
robrussellteam.com,HEALTHY,"Rob Russell",2,0,2,0,3391,24,0.71
agentfarmershub.com,HEALTHY,"Danny Schwartz",3,0,3,0,3384,30,0.89
kimwallaceinsurance.com,HEALTHY,"Kim Wallace",2,0,2,0,3371,24,0.71
agentfarmerspros.com,HEALTHY,"Danny Schwartz",3,0,3,0,3365,49,1.46
kimwallaceinsured.com,HEALTHY,"Kim Wallace",2,0,2,0,3361,24,0.71
agentfarmersco.com,HEALTHY,"Danny Schwartz",3,0,3,0,3337,38,1.14
agentfarmersinfo.com,HEALTHY,"Danny Schwartz",3,0,3,0,3325,33,0.99
agentfarmers.com,HEALTHY,"Danny Schwartz",3,0,3,0,3320,24,0.72
agentfarmerssupport.com,HEALTHY,"Danny Schwartz",3,0,3,0,3298,29,0.88
kimwallaceinsurancesolutions.com,HEALTHY,"Kim Wallace",2,0,2,0,3291,18,0.55
kimwallaceplan.com,HEALTHY,"Kim Wallace",2,0,2,0,3281,21,0.64
kimwallaceprotection.com,HEALTHY,"Kim Wallace",2,0,2,0,3276,30,0.92
kimwallaceintexas.com,HEALTHY,"Kim Wallace",2,0,2,0,3271,31,0.95
kimwallacepersonalquote.com,HEALTHY,"Kim Wallace",2,0,2,0,3270,27,0.83
kimwallace-policy.com,HEALTHY,"Kim Wallace",2,0,2,0,3267,19,0.58
agentfarmersllcs.com,HEALTHY,"Danny Schwartz",3,0,3,0,3265,46,1.41
davidamirihq.com,HEALTHY,"David Amiri",2,0,2,0,3262,30,0.92
kimwallaceinsurancetexas.com,HEALTHY,"Kim Wallace",2,0,2,0,3261,29,0.89
kimwallace-policyplans.com,HEALTHY,"Kim Wallace",2,0,2,0,3260,30,0.92
opendavidamiri.com,HEALTHY,"David Amiri",2,0,2,0,3251,20,0.62
thedavidamiri.com,HEALTHY,"David Amiri",2,0,2,0,3245,25,0.77
agentfarmersexpert.com,HEALTHY,"Danny Schwartz",3,0,3,0,3232,40,1.24
unitedjohnroberts.com,HEALTHY,"John Roberts",2,0,2,0,3221,27,0.84
johnrobertsshield.com,HEALTHY,"John Roberts",2,0,2,0,3208,22,0.69
agentfarmersincs.com,HEALTHY,"Danny Schwartz",3,0,3,0,3196,49,1.53
alexwilliamsauto.com,HEALTHY,"Jason Binyon",2,0,2,0,3052,20,0.66
wallaceagencyquick.com,HEALTHY,"Kim Wallace",2,0,2,0,2876,20,0.70
kimwallaceplus.com,HEALTHY,"Kim Wallace",2,0,2,0,2875,21,0.73
getkimwallace.com,HEALTHY,"Kim Wallace",2,0,2,0,2867,29,1.01
wallaceagencyplus.com,HEALTHY,"Kim Wallace",2,0,2,0,2864,29,1.01
wallaceagencyclaims.com,HEALTHY,"Kim Wallace",2,0,2,0,2860,22,0.77
kimwallaceexpert.com,HEALTHY,"Kim Wallace",2,0,2,0,2854,28,0.98
thebinyonagencyinc.com,HEALTHY,"Jason Binyon",2,0,2,0,2822,19,0.67
brilliantinsuranceltd.com,HEALTHY,"Jason Binyon",2,0,2,0,2755,15,0.54
binyonagencyco.com,HEALTHY,"Jason Binyon",2,0,2,0,2633,15,0.57
binyonagencycorp.com,HEALTHY,"Jason Binyon",2,0,2,0,2591,14,0.54
thedevinagencyworks.com,HEALTHY,"Devin Hodo",3,0,3,0,2453,26,1.06
devinagencysocial.com,HEALTHY,"Devin Hodo",3,0,3,0,2451,17,0.69
devinagencyinsure.com,HEALTHY,"Devin Hodo",3,0,3,0,2448,27,1.10
thedevinagencyteam.com,HEALTHY,"Devin Hodo",3,0,3,0,2444,20,0.82
thedevinagencyco.com,HEALTHY,"Devin Hodo",3,0,3,0,2435,26,1.07
fastjeffschroder.com,HEALTHY,"Jeff Schroder",3,0,3,0,2399,19,0.79
jeffschroderservices.com,HEALTHY,"Jeff Schroder",3,0,3,0,2395,29,1.21
robrusselpro.com,HEALTHY,"Rob Russell",3,0,3,0,2373,15,0.63
robrusselglobal.com,HEALTHY,"Rob Russell",3,0,3,0,2373,20,0.84
robrusselteam.com,HEALTHY,"Rob Russell",3,0,3,0,2373,27,1.14
robrusselco.com,HEALTHY,"Rob Russell",3,0,3,0,2371,20,0.84
robrusselnetwork.com,HEALTHY,"Rob Russell",3,0,3,0,2370,27,1.14
robrusselservices.com,HEALTHY,"Rob Russell",3,0,3,0,2369,27,1.14
robrusselintl.com,HEALTHY,"Rob Russell",3,0,3,0,2368,13,0.55
robrusselllc.com,HEALTHY,"Rob Russell",3,0,3,0,2367,29,1.23
robrusselgroup.com,HEALTHY,"Rob Russell",3,0,3,0,2366,29,1.23
devinagencyservices.com,HEALTHY,"Devin Hodo",3,0,3,0,2364,19,0.80
robrusseldirect.com,HEALTHY,"Rob Russell",3,0,3,0,2364,27,1.14
robrusselcompany.com,HEALTHY,"Rob Russell",3,0,3,0,2364,26,1.10
robrusselcorp.com,HEALTHY,"Rob Russell",3,0,3,0,2362,21,0.89
thedevinagencypros.com,HEALTHY,"Devin Hodo",3,0,3,0,2357,22,0.93
devinagencyco.com,HEALTHY,"Devin Hodo",3,0,3,0,2346,26,1.11
devinagencyconnect.com,HEALTHY,"Devin Hodo",3,0,3,0,2343,18,0.77
jeffschroderonline.com,HEALTHY,"Jeff Schroder",3,0,3,0,2315,30,1.30
jeffschrodercompany.com,HEALTHY,"Jeff Schroder",3,0,3,0,2314,28,1.21
jeffschroderllc.com,HEALTHY,"Jeff Schroder",3,0,3,0,2314,24,1.04
jeffschrodergrowth.com,HEALTHY,"Jeff Schroder",3,0,3,0,2314,20,0.86
jeffschroderteam.com,HEALTHY,"Jeff Schroder",3,0,3,0,2314,25,1.08
jeffschroderglobal.com,HEALTHY,"Jeff Schroder",3,0,3,0,2314,27,1.17
jeffschroderinc.com,HEALTHY,"Jeff Schroder",3,0,3,0,2313,21,0.91
jeffschroderpartners.com,HEALTHY,"Jeff Schroder",3,0,3,0,2312,18,0.78
jeffschroderenterprises.com,HEALTHY,"Jeff Schroder",3,0,3,0,2311,26,1.13
jeffschroderhq.com,HEALTHY,"Jeff Schroder",3,0,3,0,2311,28,1.21
jeffschroderpro.com,HEALTHY,"Jeff Schroder",3,0,3,0,2311,26,1.13
jeffschroderco.com,HEALTHY,"Jeff Schroder",3,0,3,0,2311,23,1.00
jeffschrodernetwork.com,HEALTHY,"Jeff Schroder",3,0,3,0,2309,26,1.13
johnrobertsinc.com,HEALTHY,"John Roberts",3,0,3,0,2301,27,1.17
johnrobertsco.com,HEALTHY,"John Roberts",3,0,3,0,2300,26,1.13
premierinsuregroup.com,HEALTHY,"Jason Binyon",1,0,1,0,2270,15,0.66
reliablebenefitplans.com,HEALTHY,"Jason Binyon",1,0,1,0,2265,11,0.49
quickjeffschroder.com,HEALTHY,"Jeff Schroder",3,0,3,0,2171,18,0.83
trueassuredpartners.com,HEALTHY,"Kirk Hodgson",3,0,3,0,2156,25,1.16
assuredpartnerscentral.com,HEALTHY,"Kirk Hodgson",3,0,3,0,2115,14,0.66
bestassuredpartners.com,HEALTHY,"Kirk Hodgson",3,0,3,0,2112,16,0.76
unitedassuredpartners.com,HEALTHY,"Kirk Hodgson",3,0,3,0,2110,23,1.09
assuredpartnersshield.com,HEALTHY,"Kirk Hodgson",3,0,3,0,2073,20,0.96
assuredpartnerssolutions.com,HEALTHY,"Kirk Hodgson",3,0,3,0,2062,22,1.07
binyonagencyamerica.com,HEALTHY,"Jason Binyon",3,0,3,0,2030,21,1.03
binyonagencyregional.com,HEALTHY,"Jason Binyon",3,0,3,0,2028,16,0.79
binyonagencyrisk.com,HEALTHY,"Jason Binyon",3,0,3,0,2023,16,0.79
allassuredpartners.com,HEALTHY,"Kirk Hodgson",3,0,3,0,2013,23,1.14
binyonagencyonline.com,HEALTHY,"Jason Binyon",3,0,3,0,2002,15,0.75
wallaceagencyinc.com,HEALTHY,"Kim Wallace",3,0,3,0,1950,23,1.18
wallaceagencygrowth.com,HEALTHY,"Kim Wallace",3,0,3,0,1950,18,0.92
wallaceagencyglobal.com,HEALTHY,"Kim Wallace",3,0,3,0,1949,16,0.82
wallaceagencyportal.com,HEALTHY,"Kim Wallace",3,0,3,0,1948,19,0.98
wallaceagencynational.com,HEALTHY,"Kim Wallace",3,0,3,0,1942,25,1.29
wallaceagencyco.com,HEALTHY,"Kim Wallace",3,0,3,0,1942,19,0.98
wallaceagencyhq.com,HEALTHY,"Kim Wallace",3,0,3,0,1935,20,1.03
industrybestcoveragellcs.com,HEALTHY,"Jason Binyon",1,0,1,0,1926,14,0.73
policyratepros.com,HEALTHY,"Jason Binyon",1,0,1,0,1827,11,0.60
policytrustgroup.com,HEALTHY,"Jason Binyon",1,0,1,0,1763,10,0.57
prorobrussell.com,HEALTHY,"Rob Russell",1,0,1,0,1712,11,0.64
hellorobrussell.com,HEALTHY,"Rob Russell",1,0,1,0,1706,8,0.47
nowrobrussell.com,HEALTHY,"Rob Russell",1,0,1,0,1703,9,0.53
saverobrussell.com,HEALTHY,"Rob Russell",1,0,1,0,1702,12,0.71
trustrobrussell.com,HEALTHY,"Rob Russell",1,0,1,0,1700,17,1.00
robrussellllc.com,HEALTHY,"Rob Russell",1,0,1,0,1699,19,1.12
robrussellagency.com,HEALTHY,"Rob Russell",1,0,1,0,1694,14,0.83
trustjohnroberts.com,HEALTHY,"John Roberts",1,0,1,0,1618,12,0.74
safejohnroberts.com,HEALTHY,"John Roberts",1,0,1,0,1600,7,0.44
smartjeffschroder.com,HEALTHY,"Jeff Schroder",2,0,2,0,1526,13,0.85
getjeffschroder.com,HEALTHY,"Jeff Schroder",2,0,2,0,1521,21,1.38
jeffschroderzone.com,HEALTHY,"Jeff Schroder",2,0,2,0,1516,13,0.86
findalexwilliams.com,HEALTHY,"Jason Binyon",1,0,1,0,1515,8,0.53
suresafepolicies.com,HEALTHY,"Jason Binyon",1,0,1,0,1497,10,0.67
wallaceagencyeasy.com,HEALTHY,"Kim Wallace",1,0,1,0,1450,10,0.69
wallaceagencyhome.com,HEALTHY,"Kim Wallace",1,0,1,0,1440,17,1.18
wallaceagencycorp.com,HEALTHY,"Kim Wallace",1,0,1,0,1440,15,1.04
usekimwallace.com,HEALTHY,"Kim Wallace",1,0,1,0,1434,16,1.12
nowkimwallace.com,HEALTHY,"Kim Wallace",1,0,1,0,1432,14,0.98
trustkimwallace.com,HEALTHY,"Kim Wallace",1,0,1,0,1432,9,0.63
wallaceagencypro.com,HEALTHY,"Kim Wallace",1,0,1,0,1431,18,1.26
wallaceagencyelite.com,HEALTHY,"Kim Wallace",1,0,1,0,1428,9,0.63
safeassuredpartners.com,HEALTHY,"Kirk Hodgson",2,0,2,0,1416,18,1.27
nicksakhaplan.com,HEALTHY,"Nick Sakha",3,0,3,0,1416,18,1.27
nicksakhainsuranceworks.com,HEALTHY,"Nick Sakha",3,0,3,0,1406,9,0.64
nicksakhainsurepros.com,HEALTHY,"Nick Sakha",3,0,3,0,1399,10,0.71
nicksakhallcs.com,HEALTHY,"Nick Sakha",3,0,3,0,1397,11,0.79
assuredpartnersservices.com,HEALTHY,"Kirk Hodgson",2,0,2,0,1394,11,0.79
nicksakhapartnersglobal.com,HEALTHY,"Nick Sakha",3,0,3,0,1394,10,0.72
nicksakhaprotectiongroup.com,HEALTHY,"Nick Sakha",3,0,3,0,1394,13,0.93
nicksakhaprotectionpartners.com,HEALTHY,"Nick Sakha",3,0,3,0,1391,15,1.08
nicksakhaprotectioncorp.com,HEALTHY,"Nick Sakha",3,0,3,0,1390,13,0.94
nicksakhallc.com,HEALTHY,"Nick Sakha",3,0,3,0,1382,17,1.23
nicksakhaprotectionamerica.com,HEALTHY,"Nick Sakha",3,0,3,0,1381,7,0.51
nicksakhapros.com,HEALTHY,"Nick Sakha",3,0,3,0,1379,8,0.58
nicksakhapartnerscorp.com,HEALTHY,"Nick Sakha",3,0,3,0,1377,12,0.87
nicksakhanationwide.com,HEALTHY,"Nick Sakha",3,0,3,0,1375,13,0.95
nicksakhaprotectionco.com,HEALTHY,"Nick Sakha",3,0,3,0,1374,15,1.09
assuredpartnersdirect.com,HEALTHY,"Kirk Hodgson",2,0,2,0,1373,12,0.87
nicksakhaprotectionltd.com,HEALTHY,"Nick Sakha",3,0,3,0,1373,9,0.66
nicksakhapartnersllc.com,HEALTHY,"Nick Sakha",3,0,3,0,1369,19,1.39
nicksakhaprotectionservices.com,HEALTHY,"Nick Sakha",3,0,3,0,1366,10,0.73
proassuredpartners.com,HEALTHY,"Kirk Hodgson",2,0,2,0,1363,12,0.88
nicksakhaprotectionusa.com,HEALTHY,"Nick Sakha",3,0,3,0,1350,13,0.96
nicksakhafinancialglobal.com,HEALTHY,"Nick Sakha",3,0,3,0,1340,14,1.04
nicksakhapartnersinc.com,HEALTHY,"Nick Sakha",3,0,3,0,1336,6,0.45
nicksakhaagencyltd.com,HEALTHY,"Nick Sakha",3,0,3,0,1334,13,0.97
nicksakhafinancialsolutions.com,HEALTHY,"Nick Sakha",3,0,3,0,1331,16,1.20
nicksakhagroupllc.com,HEALTHY,"Nick Sakha",3,0,3,0,1329,7,0.53
nicksakhafinancialpros.com,HEALTHY,"Nick Sakha",3,0,3,0,1327,14,1.06
nicksakhafinancialinc.com,HEALTHY,"Nick Sakha",3,0,3,0,1327,11,0.83
assuredpartnerscover.com,HEALTHY,"Kirk Hodgson",2,0,2,0,1321,7,0.53
nicksakhagroup.com,HEALTHY,"Nick Sakha",3,0,3,0,1313,9,0.69
nicksakhaagencypros.com,HEALTHY,"Nick Sakha",3,0,3,0,1311,8,0.61
nicksakhafinancialcorp.com,HEALTHY,"Nick Sakha",3,0,3,0,1307,13,0.99
nicksakhaamerica.com,HEALTHY,"Nick Sakha",3,0,3,0,1305,7,0.54
jeffschroderpros.com,HEALTHY,"Jeff Schroder",2,0,2,0,1299,10,0.77
nicksakhafinancialgroup.com,HEALTHY,"Nick Sakha",3,0,3,0,1299,12,0.92
nicksakhaagencyservices.com,HEALTHY,"Nick Sakha",3,0,3,0,1294,11,0.85
nicksakhariskgroup.com,HEALTHY,"Nick Sakha",3,0,3,0,1294,13,1.00
nicksakhafinancialllc.com,HEALTHY,"Nick Sakha",3,0,3,0,1290,15,1.16
nicksakhariskservices.com,HEALTHY,"Nick Sakha",3,0,3,0,1289,9,0.70
nicksakhasolutionsco.com,HEALTHY,"Nick Sakha",3,0,3,0,1277,10,0.78
nicksakhasolutions.com,HEALTHY,"Nick Sakha",3,0,3,0,1276,12,0.94
nicksakharisk.com,HEALTHY,"Nick Sakha",3,0,3,0,1275,9,0.71
nicksakharisksolutions.com,HEALTHY,"Nick Sakha",3,0,3,0,1274,13,1.02
nicksakhasolutionsamerica.com,HEALTHY,"Nick Sakha",3,0,3,0,1265,12,0.95
nicksakhaservicesllc.com,HEALTHY,"Nick Sakha",3,0,3,0,1263,14,1.11
nicksakhasolutionsinc.com,HEALTHY,"Nick Sakha",3,0,3,0,1263,12,0.95
alexwilliamsplans.com,HEALTHY,"Jason Binyon",1,0,1,0,1248,5,0.40
nicksakhainsuranceexperts.com,HEALTHY,"Nick Sakha",3,0,3,0,1241,11,0.89
nicksakhainsuranceconnect.com,HEALTHY,"Nick Sakha",3,0,3,0,1234,10,0.81
nicksakhainsurancecare.com,HEALTHY,"Nick Sakha",3,0,3,0,1233,12,0.97
nicksakhainsurancepartners.com,HEALTHY,"Nick Sakha",3,0,3,0,1232,9,0.73
nicksakhaservicesglobal.com,HEALTHY,"Nick Sakha",3,0,3,0,1232,9,0.73
nicksakhaservicesinc.com,HEALTHY,"Nick Sakha",3,0,3,0,1230,11,0.89
nicksakhainsurancellc.com,HEALTHY,"Nick Sakha",3,0,3,0,1230,16,1.30
nicksakhafinancialpartners.com,HEALTHY,"Nick Sakha",3,0,3,0,1229,11,0.90
nicksakhainsurancenationwide.com,HEALTHY,"Nick Sakha",3,0,3,0,1227,10,0.81
nicksakhainsuranceinfo.com,HEALTHY,"Nick Sakha",3,0,3,0,1226,11,0.90
nicksakhagroupco.com,HEALTHY,"Nick Sakha",3,0,3,0,1215,16,1.32
nicksakhainsuranceonline.com,HEALTHY,"Nick Sakha",3,0,3,0,1210,12,0.99
nicksakhainsurancebenefits.com,HEALTHY,"Nick Sakha",3,0,3,0,1210,8,0.66
nicksakhainc.com,HEALTHY,"Nick Sakha",3,0,3,0,1179,9,0.76
assuredpartnersincs.com,HEALTHY,"Kirk Hodgson",3,0,3,0,749,7,0.93
greggblanchardagencycommunity.com,HEALTHY,"Gregg Blanchard",3,0,3,0,715,6,0.84
greggblanchardagencyfocus.com,HEALTHY,"Gregg Blanchard",3,0,3,0,713,8,1.12
greggblanchardagencyinsurancecenter.com,HEALTHY,"Gregg Blanchard",3,0,3,0,710,12,1.69
greggblanchardagencydiscount.com,HEALTHY,"Gregg Blanchard",3,0,3,0,705,6,0.85
greggblanchardagencyinsurancedeals.com,HEALTHY,"Gregg Blanchard",3,0,3,0,704,11,1.56
greggblanchardagencyriskadvisor.com,HEALTHY,"Gregg Blanchard",3,0,3,0,703,7,1.00
assuredpartnerssystems.com,HEALTHY,"Kirk Hodgson",1,0,1,0,699,6,0.86
greggblanchardagencyriskadvisors.com,HEALTHY,"Gregg Blanchard",3,0,3,0,698,5,0.72
greggblanchardagencyfirst.com,HEALTHY,"Gregg Blanchard",3,0,3,0,695,9,1.29
greggblanchardagencyins.com,HEALTHY,"Gregg Blanchard",3,0,3,0,695,7,1.01
greggblanchardagencyelitepro.com,HEALTHY,"Gregg Blanchard",3,0,3,0,695,8,1.15
greggblanchardagencyenterprises.com,HEALTHY,"Gregg Blanchard",3,0,3,0,695,8,1.15
greggblanchardagencyclientportal.com,HEALTHY,"Gregg Blanchard",3,0,3,0,692,3,0.43
greggblanchardagencyexpertsglobal.com,HEALTHY,"Gregg Blanchard",3,0,3,0,691,9,1.30
greggblanchardagencycoveragehub.com,HEALTHY,"Gregg Blanchard",3,0,3,0,689,7,1.02
greggblanchardagencyfast.com,HEALTHY,"Gregg Blanchard",3,0,3,0,686,4,0.58
greggblanchardagencydeals.com,HEALTHY,"Gregg Blanchard",3,0,3,0,685,9,1.31
greggblanchardagencyfusion.com,HEALTHY,"Gregg Blanchard",3,0,3,0,684,7,1.02
greggblanchardagencyinc.com,HEALTHY,"Gregg Blanchard",3,0,3,0,683,4,0.59
greggblanchardagencycoveragemax.com,HEALTHY,"Gregg Blanchard",3,0,3,0,682,6,0.88
greggblanchardagencyinsuranceglobal.com,HEALTHY,"Gregg Blanchard",3,0,3,0,677,10,1.48
greggblanchardagencyinsuranceco.com,HEALTHY,"Gregg Blanchard",3,0,3,0,676,8,1.18
greggblanchardagencyriskmanagement.com,HEALTHY,"Gregg Blanchard",3,0,3,0,675,7,1.04
greggblanchardagencyinsurancegroup.com,HEALTHY,"Gregg Blanchard",3,0,3,0,673,9,1.34
greggblanchardagencyinsured.com,HEALTHY,"Gregg Blanchard",3,0,3,0,671,5,0.75
greggblanchardagencyguide.com,HEALTHY,"Gregg Blanchard",3,0,3,0,662,11,1.66
topjeffschroder.com,HEALTHY,"Jeff Schroder",1,0,1,0,655,4,0.61
jeffschrodergroup.com,HEALTHY,"Jeff Schroder",1,0,1,0,653,5,0.77
jeffschroderagency.com,HEALTHY,"Jeff Schroder",1,0,1,0,652,9,1.38
bestjeffschroder.com,HEALTHY,"Jeff Schroder",1,0,1,0,651,7,1.08
myjeffschroder.com,HEALTHY,"Jeff Schroder",1,0,1,0,650,8,1.23
greggblanchardagencycoverageusa.com,HEALTHY,"Gregg Blanchard",3,0,3,0,649,14,2.16
greggblanchardagencyfinancial.com,HEALTHY,"Gregg Blanchard",3,0,3,0,620,9,1.45
greggblanchardagencygroupinc.com,HEALTHY,"Gregg Blanchard",3,0,3,0,610,4,0.66
greggblanchardagencycoverageplus.com,HEALTHY,"Gregg Blanchard",3,0,3,0,556,5,0.90
greggblanchardagencycover.com,HEALTHY,"Gregg Blanchard",3,0,3,0,550,11,2.00
greggblanchardagencyelite.com,HEALTHY,"Gregg Blanchard",3,0,3,0,548,6,1.09
greggblanchardagencyfarm.com,HEALTHY,"Gregg Blanchard",3,0,3,0,547,25,4.57
greggblanchardagencyfleet.com,HEALTHY,"Gregg Blanchard",3,0,3,0,545,5,0.92
greggblanchardagencyconsulting.com,HEALTHY,"Gregg Blanchard",3,0,3,0,544,5,0.92
greggblanchardagencycorp.com,HEALTHY,"Gregg Blanchard",3,0,3,0,538,6,1.12
greggblanchardagencycommercial.com,HEALTHY,"Gregg Blanchard",3,0,3,0,537,7,1.30
greggblanchardagencyglobal.com,HEALTHY,"Gregg Blanchard",3,0,3,0,537,5,0.93
greggblanchardagencycompare.com,HEALTHY,"Gregg Blanchard",3,0,3,0,536,11,2.05
greggblanchardagencyco.com,HEALTHY,"Gregg Blanchard",3,0,3,0,534,5,0.94
greggblanchardagencycare.com,HEALTHY,"Gregg Blanchard",3,0,3,0,534,10,1.87
greggblanchardagencybusiness.com,HEALTHY,"Gregg Blanchard",3,0,3,0,534,5,0.94
greggblanchardagencybrokers.com,HEALTHY,"Gregg Blanchard",3,0,3,0,533,14,2.63
greggblanchardagencyclaimsdesk.com,HEALTHY,"Gregg Blanchard",3,0,3,0,532,6,1.13
greggblanchardagencycontractor.com,HEALTHY,"Gregg Blanchard",3,0,3,0,531,10,1.88
greggblanchardagencybrokerage.com,HEALTHY,"Gregg Blanchard",3,0,3,0,526,8,1.52
greggblanchardagencyadvisors.com,HEALTHY,"Gregg Blanchard",3,0,3,0,525,8,1.52
greggblanchardagencychoice.com,HEALTHY,"Gregg Blanchard",3,0,3,0,520,8,1.54
greggblanchardagencyadvice.com,HEALTHY,"Gregg Blanchard",3,0,3,0,514,7,1.36
greggblanchardagencyadvantage.com,HEALTHY,"Gregg Blanchard",3,0,3,0,514,3,0.58
rossmanmediahq.com,HEALTHY,"Shane Miller",2,0,2,0,493,11,2.23
therossmanmediallc.com,HEALTHY,"Shane Miller",2,0,2,0,492,8,1.63
therossmanmedia.com,HEALTHY,"Shane Miller",2,0,2,0,492,9,1.83
therossmanmedialtd.com,HEALTHY,"Shane Miller",2,0,2,0,492,13,2.64
therossmanmediaco.com,HEALTHY,"Shane Miller",2,0,2,0,492,9,1.83
therossmanmediacorp.com,HEALTHY,"Shane Miller",2,0,2,0,491,10,2.04
therossmanmedialtds.com,HEALTHY,"Shane Miller",2,0,2,0,491,12,2.44
therossmanmediainc.com,HEALTHY,"Shane Miller",2,0,2,0,491,5,1.02
rossmanmediaco.com,HEALTHY,"Shane Miller",2,0,2,0,490,5,1.02
rossmanmedialtd.com,HEALTHY,"Shane Miller",2,0,2,0,490,9,1.84
rossmanmediaincs.com,HEALTHY,"Shane Miller",2,0,2,0,489,9,1.84
rossmanmediaagency.com,HEALTHY,"Shane Miller",2,0,2,0,489,5,1.02
rossmanmedialtds.com,HEALTHY,"Shane Miller",2,0,2,0,489,10,2.04
rossmanmediallc.com,HEALTHY,"Shane Miller",2,0,2,0,488,7,1.43
therossmanmediaincs.com,HEALTHY,"Shane Miller",2,0,2,0,488,7,1.43
rossmanmediallcs.com,HEALTHY,"Shane Miller",2,0,2,0,487,9,1.85
rossmanmediapro.com,HEALTHY,"Shane Miller",2,0,2,0,477,8,1.68
greggblanchardagencyedge.com,HEALTHY,"Gregg Blanchard",3,0,3,0,454,5,1.10
rossmanmediahub.com,HEALTHY,"Shane Miller",1,0,1,0,242,1,0.41
leblancinsuranceagency365.com,LOW_VOLUME,"LeBlanc Agency",99,0,0,99,378,0,0.00
leblancinsuranceagencycenter.com,LOW_VOLUME,"LeBlanc Agency",98,0,0,98,284,0,0.00
leblancinsuranceagencybenefits.com,LOW_VOLUME,"LeBlanc Agency",99,0,0,99,195,0,0.00
leblancinsuranceagencybonds.com,LOW_VOLUME,"LeBlanc Agency",99,0,0,99,193,1,0.52
leblancinsuranceagencyamerica.com,LOW_VOLUME,"LeBlanc Agency",99,0,0,99,377,0,0.00
leblancinsuranceagencybusiness.com,LOW_VOLUME,"LeBlanc Agency",99,0,0,99,197,1,0.51
leblancinsuranceagencycare.com,LOW_VOLUME,"LeBlanc Agency",99,0,0,99,184,1,0.54
leblancinsuranceagencyadvisors.com,LOW_VOLUME,"LeBlanc Agency",99,0,0,99,185,2,1.08
leblancinsuranceagency360.com,LOW_VOLUME,"LeBlanc Agency",98,0,0,98,188,0,0.00
leblancinsuranceagencyauto.com,LOW_VOLUME,"LeBlanc Agency",99,0,0,99,190,5,2.63
leblancinsuranceagencybrokerage.com,LOW_VOLUME,"LeBlanc Agency",99,0,0,99,198,0,0.00
leblancinsuranceagencyadvantage.com,LOW_VOLUME,"LeBlanc Agency",99,0,0,99,190,1,0.53
leblancinsuranceagencyinc.com,LOW_VOLUME,"LeBlanc Agency",3,0,0,3,12,0,0.00
leblancinsuranceagencyusa.com,LOW_VOLUME,"LeBlanc Agency",3,0,0,3,12,0,0.00
leblancinsuranceagencypro.com,LOW_VOLUME,"LeBlanc Agency",3,0,0,3,12,0,0.00
leblancinsuranceagencyinsurance.com,LOW_VOLUME,"LeBlanc Agency",3,0,0,3,12,0,0.00
leblancinsuranceagencyplus.com,LOW_VOLUME,"LeBlanc Agency",3,0,0,3,12,0,0.00
leblancinsuranceagencyhome.com,LOW_VOLUME,"LeBlanc Agency",3,0,0,3,12,0,0.00
leblancinsuranceagencyinsure.com,LOW_VOLUME,"LeBlanc Agency",3,0,0,3,12,0,0.00
leblancinsuranceagencyhealth.com,LOW_VOLUME,"LeBlanc Agency",3,0,0,3,12,0,0.00
leblancinsuranceagencygroup.com,LOW_VOLUME,"LeBlanc Agency",3,0,0,3,12,0,0.00
leblancinsuranceagencycommercial.com,LOW_VOLUME,"LeBlanc Agency",3,0,0,3,6,0,0.00
leblancinsuranceagencyelite.com,LOW_VOLUME,"LeBlanc Agency",3,0,0,3,5,0,0.00
leblancinsuranceagencyco.com,LOW_VOLUME,"LeBlanc Agency",3,0,0,3,6,0,0.00
leblancinsuranceagencysolutions.com,LOW_VOLUME,"LeBlanc Agency",3,0,0,3,11,0,0.00
leblancinsuranceagencydirect.com,LOW_VOLUME,"LeBlanc Agency",3,0,0,3,6,0,0.00
leblancinsuranceagencyclaims.com,LOW_VOLUME,"LeBlanc Agency",3,0,0,3,5,0,0.00
leblancinsuranceagencyexpert.com,LOW_VOLUME,"LeBlanc Agency",3,0,0,3,6,0,0.00
leblancinsuranceagencyfinancial.com,LOW_VOLUME,"LeBlanc Agency",3,0,0,3,5,0,0.00
leblancinsuranceagencycoverage.com,LOW_VOLUME,"LeBlanc Agency",3,0,0,3,5,0,0.00
leblancinsuranceagencycorp.com,LOW_VOLUME,"LeBlanc Agency",3,0,0,3,5,2,40.00
leblancinsuranceagencyconnect.com,LOW_VOLUME,"LeBlanc Agency",3,0,0,3,6,0,0.00
Tyschraufagencyllc.com,LOW_VOLUME,"Schrauf Agency",99,0,0,99,396,0,0.00
Tyschraufagency.com,LOW_VOLUME,"Schrauf Agency",99,0,0,99,396,0,0.00
Tyschraufagencyltd.com,LOW_VOLUME,"Schrauf Agency",99,0,0,99,441,0,0.00
Tyschraufagencyincs.com,LOW_VOLUME,"Schrauf Agency",99,0,0,99,495,0,0.00
Tyschraufagencyinc.com,LOW_VOLUME,"Schrauf Agency",99,0,0,99,495,2,0.40
Tyschraufagencyllcs.com,LOW_VOLUME,"Schrauf Agency",99,0,0,99,495,1,0.20
tyschraufagencyusa.com,LOW_VOLUME,"Schrauf Agency",3,0,0,3,35,0,0.00
tyschraufagencyservice.com,LOW_VOLUME,"Schrauf Agency",3,0,0,3,38,0,0.00
tyschraufagencypro.com,LOW_VOLUME,"Schrauf Agency",3,0,0,3,37,0,0.00
tyschraufagencyteams.com,LOW_VOLUME,"Schrauf Agency",3,0,0,3,37,0,0.00
tyschraufagencypros.com,LOW_VOLUME,"Schrauf Agency",3,0,0,3,38,0,0.00
tyschraufagencyteam.com,LOW_VOLUME,"Schrauf Agency",3,0,0,3,37,0,0.00
tyschraufagencyltds.com,LOW_VOLUME,"Schrauf Agency",3,0,0,3,33,0,0.00
thetyschraufagency.com,LOW_VOLUME,"Schrauf Agency",3,0,0,3,33,0,0.00
tyschraufagencycorp.com,LOW_VOLUME,"Schrauf Agency",3,0,0,3,36,1,2.78
tyschraufagencyservices.com,LOW_VOLUME,"Schrauf Agency",3,0,0,3,39,0,0.00