Domain,Status,Total Mailboxes,Burnt Mailboxes,Healthy Mailboxes,Unused Mailboxes (<50 sent),Total Sent,Total Replied,Avg Reply Rate %
rossmanmediacontentcreation.com,"NEVER USED - Brand new accounts, no emails sent yet",2,0,0,2,0,0,0.00
rossmanmediaplan.com,"NEVER USED - Brand new accounts, no emails sent yet",3,0,0,3,0,0,0.00
rossmanmediaexperts.com,"NEVER USED - Brand new accounts, no emails sent yet",3,0,0,3,0,0,0.00
rossmanmediaai.com,"NEVER USED - Brand new accounts, no emails sent yet",3,0,0,3,0,0,0.00
therossmanmediaservices.com,"NEVER USED - Brand new accounts, no emails sent yet",3,0,0,3,0,0,0.00
therossmanmedialab.com,"NEVER USED - Brand new accounts, no emails sent yet",2,0,0,2,0,0,0.00
rossmanmediaconsultants.com,"NEVER USED - Brand new accounts, no emails sent yet",3,0,0,3,0,0,0.00
rossmanmediacorporate.com,"NEVER USED - Brand new accounts, no emails sent yet",3,0,0,3,0,0,0.00
therossmanmediaportal.com,"NEVER USED - Brand new accounts, no emails sent yet",3,0,0,3,0,0,0.00
therossmanmediasolution.com,"NEVER USED - Brand new accounts, no emails sent yet",3,0,0,3,0,0,0.00
therossmanmediagroup.com,"NEVER USED - Brand new accounts, no emails sent yet",3,0,0,3,0,0,0.00
prorossmanmedia.com,"NEVER USED - Brand new accounts, no emails sent yet",3,0,0,3,0,0,0.00
rossmanmediabuy.com,"NEVER USED - Brand new accounts, no emails sent yet",3,0,0,3,0,0,0.00
therossmanmediapro.com,"NEVER USED - Brand new accounts, no emails sent yet",3,0,0,3,0,0,0.00
rossmanmediadevelopment.com,"NEVER USED - Brand new accounts, no emails sent yet",3,0,0,3,0,0,0.00
rossmanmediacase.com,"NEVER USED - Brand new accounts, no emails sent yet",3,0,0,3,0,0,0.00
rossmanmediaaisolutions.com,"NEVER USED - Brand new accounts, no emails sent yet",3,0,0,3,0,0,0.00
toprossmanmedia.com,"NEVER USED - Brand new accounts, no emails sent yet",3,0,0,3,0,0,0.00
therossmanmedianetwork.com,"NEVER USED - Brand new accounts, no emails sent yet",3,0,0,3,0,0,0.00
therossmanmediaservice.com,"NEVER USED - Brand new accounts, no emails sent yet",2,0,0,2,0,0,0.00
rossmanmediafunnel.com,"NEVER USED - Brand new accounts, no emails sent yet",3,0,0,3,0,0,0.00
therossmanmediaexpert.com,"NEVER USED - Brand new accounts, no emails sent yet",3,0,0,3,0,0,0.00
therossmanmediamarketing.com,"NEVER USED - Brand new accounts, no emails sent yet",3,0,0,3,0,0,0.00
therossmanmedialabs.com,"NEVER USED - Brand new accounts, no emails sent yet",3,0,0,3,0,0,0.00
therossmanmediaconsulting.com,"NEVER USED - Brand new accounts, no emails sent yet",3,0,0,3,0,0,0.00
rossmanmediaautomation.com,"NEVER USED - Brand new accounts, no emails sent yet",3,0,0,3,0,0,0.00
therossmanmediahub.com,"NEVER USED - Brand new accounts, no emails sent yet",3,0,0,3,0,0,0.00
therossmanmediacorporate.com,"NEVER USED - Brand new accounts, no emails sent yet",3,0,0,3,0,0,0.00
therossmanmediaexperts.com,"NEVER USED - Brand new accounts, no emails sent yet",3,0,0,3,0,0,0.00
therossmanmediasolutions.com,"NEVER USED - Brand new accounts, no emails sent yet",2,0,0,2,0,0,0.00
therossmanmediapartners.com,"NEVER USED - Brand new accounts, no emails sent yet",3,0,0,3,0,0,0.00